{
  "train": [
    6.832393411606077,
    5.861254404461573,
    5.826491439153278
  ],
  "val": [
    5.8932890594005585,
    5.854347199201584,
    5.852614939212799
  ]
}