{
  "train": [
    6.824495932261149,
    5.870837733859108,
    5.82330768252176
  ],
  "val": [
    5.908685117959976,
    5.867505431175232,
    5.853008270263672
  ]
}