{
  "train": [
    6.842715149834042,
    5.874139119708349,
    5.841969285692487
  ],
  "val": [
    5.9121246337890625,
    5.87124302983284,
    5.857615500688553
  ]
}