{
  "train": [
    6.842212533193921,
    5.863385367015051,
    5.813162667410714
  ],
  "val": [
    5.893527120351791,
    5.860048145055771,
    5.816585510969162
  ]
}