{
  "train": [
    6.842143603733608,
    5.86429630763947,
    5.822351660047259
  ],
  "val": [
    5.894315123558044,
    5.867884248495102,
    5.792719841003418
  ]
}