{
  "train": [
    6.847891050671774,
    5.866589023953392,
    5.814760851481604
  ],
  "val": [
    5.898490279912949,
    5.8618234395980835,
    5.789897263050079
  ]
}